<?xml version="1.0" encoding="UTF-8" standalone="no"?>

<beans xmlns="http://www.springframework.org/schema/beans"

       xmlns:p="http://www.springframework.org/schema/p"

       xmlns:tx="http://www.springframework.org/schema/tx"

       xmlns:xsi="http://www.w3.org/2001/XMLSchema-instance"

       xsi:schemaLocation="http://www.springframework.org/schema/beans

    http://www.springframework.org/schema/beans/spring-beans-4.0.xsd

  http://www.springframework.org/schema/tx

   http://www.springframework.org/schema/tx/spring-tx-4.0.xsd">


    <bean class="org.springframework.orm.jpa.support.PersistenceAnnotationBeanPostProcessor"/>


    <bean id="testDataSource" class="org.apache.commons.dbcp.BasicDataSource"

          p:driverClassName="com.mysql.jdbc.Driver"

          p:url="jdbc:mysql://localhost/blog?zeroDateTimeBehavior=convertToNull"

          p:username="root"
            />



    <bean id="entityManagerFactory" class="org.springframework.orm.jpa.LocalContainerEntityManagerFactoryBean">

        <property name="dataSource" ref="testDataSource" />

        <property name="jpaProperties">
            <props>

                <prop key="hibernate.dialect">org.hibernate.dialect.MySQLDialect</prop>

                <prop key="hibernate.show_sql">true</prop>

                <prop key="hibernate.format_sql">true</prop>

            </props>
        </property>

    </bean>


    <bean id="transactionManager" class="org.springframework.orm.jpa.JpaTransactionManager">

        <property name="entityManagerFactory" ref="entityManagerFactory" />
    </bean>


    <tx:annotation-driven transaction-manager="transactionManager"/>

</beans>